-- MySQL dump 10.13  Distrib 5.7.10, for osx10.11 (x86_64)
--
-- Host: localhost    Database: chat
-- ------------------------------------------------------
-- Server version	5.7.10

/*!40101 SET @OLD_CHARACTER_SET_CLIENT=@@CHARACTER_SET_CLIENT */;
/*!40101 SET @OLD_CHARACTER_SET_RESULTS=@@CHARACTER_SET_RESULTS */;
/*!40101 SET @OLD_COLLATION_CONNECTION=@@COLLATION_CONNECTION */;
/*!40101 SET NAMES utf8 */;
/*!40103 SET @OLD_TIME_ZONE=@@TIME_ZONE */;
/*!40103 SET TIME_ZONE='+00:00' */;
/*!40014 SET @OLD_UNIQUE_CHECKS=@@UNIQUE_CHECKS, UNIQUE_CHECKS=0 */;
/*!40014 SET @OLD_FOREIGN_KEY_CHECKS=@@FOREIGN_KEY_CHECKS, FOREIGN_KEY_CHECKS=0 */;
/*!40101 SET @OLD_SQL_MODE=@@SQL_MODE, SQL_MODE='NO_AUTO_VALUE_ON_ZERO' */;
/*!40111 SET @OLD_SQL_NOTES=@@SQL_NOTES, SQL_NOTES=0 */;

--
-- Table structure for table `girls`
--

DROP TABLE IF EXISTS `girls`;
/*!40101 SET @saved_cs_client     = @@character_set_client */;
/*!40101 SET character_set_client = utf8 */;
CREATE TABLE `girls` (
  `id` int(11) NOT NULL AUTO_INCREMENT,
  `name` varchar(255) COLLATE utf8mb4_unicode_ci DEFAULT NULL,
  `goal` bigint(20) NOT NULL,
  `progress` bigint(20) NOT NULL DEFAULT '0',
  `top_user_id` int(11) DEFAULT NULL,
  `created` datetime DEFAULT NULL,
  PRIMARY KEY (`id`),
  KEY `top_user_id` (`top_user_id`),
  CONSTRAINT `girls_ibfk_1` FOREIGN KEY (`top_user_id`) REFERENCES `users` (`id`) ON DELETE SET NULL ON UPDATE SET NULL
) ENGINE=InnoDB AUTO_INCREMENT=2 DEFAULT CHARSET=utf8mb4 COLLATE=utf8mb4_unicode_ci;
/*!40101 SET character_set_client = @saved_cs_client */;

--
-- Dumping data for table `girls`
--

LOCK TABLES `girls` WRITE;
/*!40000 ALTER TABLE `girls` DISABLE KEYS */;
INSERT INTO `girls` VALUES (1,'Ariana Marie',0,3374,2,'2017-08-01 00:00:00');
/*!40000 ALTER TABLE `girls` ENABLE KEYS */;
UNLOCK TABLES;

--
-- Table structure for table `messages`
--

DROP TABLE IF EXISTS `messages`;
/*!40101 SET @saved_cs_client     = @@character_set_client */;
/*!40101 SET character_set_client = utf8 */;
CREATE TABLE `messages` (
  `id` int(11) NOT NULL AUTO_INCREMENT,
  `user_id` int(11) DEFAULT NULL,
  `girl_id` int(11) DEFAULT NULL,
  `type` tinyint(1) NOT NULL,
  `transaction_id` int(11) DEFAULT NULL,
  `message` text COLLATE utf8mb4_unicode_ci,
  `value` bigint(20) DEFAULT NULL,
  `created` datetime NOT NULL,
  PRIMARY KEY (`id`),
  KEY `transaction_id` (`transaction_id`),
  KEY `user_id` (`user_id`),
  KEY `girl_id` (`girl_id`),
  CONSTRAINT `girls_fk` FOREIGN KEY (`girl_id`) REFERENCES `girls` (`id`) ON DELETE SET NULL ON UPDATE SET NULL,
  CONSTRAINT `transactions_fk` FOREIGN KEY (`transaction_id`) REFERENCES `transactions` (`id`) ON DELETE SET NULL ON UPDATE SET NULL,
  CONSTRAINT `users_fk` FOREIGN KEY (`user_id`) REFERENCES `users` (`id`) ON DELETE SET NULL ON UPDATE SET NULL
) ENGINE=InnoDB AUTO_INCREMENT=85 DEFAULT CHARSET=utf8mb4 COLLATE=utf8mb4_unicode_ci;
/*!40101 SET character_set_client = @saved_cs_client */;

--
-- Dumping data for table `messages`
--

LOCK TABLES `messages` WRITE;
/*!40000 ALTER TABLE `messages` DISABLE KEYS */;
INSERT INTO `messages` VALUES (1,1,1,4,NULL,NULL,3,'2017-08-18 03:57:30'),(2,1,1,4,NULL,NULL,3,'2017-08-18 03:57:56'),(3,1,1,4,NULL,NULL,3,'2017-08-18 03:58:24'),(4,1,1,4,NULL,NULL,3,'2017-08-18 03:59:16'),(5,1,1,4,NULL,NULL,3,'2017-08-18 03:59:23'),(6,1,1,4,NULL,NULL,3,'2017-08-18 03:59:53'),(7,1,1,4,NULL,NULL,3,'2017-08-18 04:01:53'),(8,1,1,4,NULL,NULL,3,'2017-08-18 04:02:37'),(9,1,1,4,NULL,NULL,3,'2017-08-18 04:02:58'),(10,1,1,4,NULL,NULL,3,'2017-08-18 04:02:59'),(11,1,1,4,NULL,NULL,3,'2017-08-18 04:07:37'),(12,1,1,4,NULL,NULL,3,'2017-08-18 04:08:17'),(13,1,1,4,NULL,NULL,3,'2017-08-18 04:08:19'),(14,1,1,4,NULL,NULL,3,'2017-08-18 04:08:19'),(15,1,1,4,NULL,NULL,3,'2017-08-18 04:08:27'),(16,1,1,4,NULL,NULL,3,'2017-08-18 04:08:38'),(17,1,1,4,NULL,NULL,3,'2017-08-18 04:08:43'),(18,1,1,4,NULL,NULL,3,'2017-08-18 04:08:59'),(19,1,1,4,NULL,NULL,3,'2017-08-18 04:08:59'),(20,1,1,4,NULL,NULL,3,'2017-08-18 04:09:00'),(21,1,1,4,NULL,NULL,3,'2017-08-18 04:17:48'),(22,1,1,4,NULL,NULL,3,'2017-08-18 04:18:20'),(23,1,1,4,NULL,NULL,3,'2017-08-18 04:19:04'),(24,1,1,4,NULL,NULL,3,'2017-08-18 04:19:13'),(25,1,1,4,NULL,NULL,3,'2017-08-18 04:19:39'),(26,1,1,4,NULL,NULL,3,'2017-08-18 04:19:41'),(27,2,1,4,NULL,NULL,100,'2017-08-18 04:20:39'),(28,2,1,4,NULL,NULL,100,'2017-08-18 04:21:24'),(29,2,1,4,NULL,NULL,100,'2017-08-18 04:21:32'),(30,2,1,4,NULL,NULL,100,'2017-08-18 04:21:33'),(31,1,1,4,NULL,NULL,100,'2017-08-18 04:21:43'),(32,1,1,4,NULL,NULL,100,'2017-08-18 04:21:45'),(33,1,1,4,NULL,NULL,100,'2017-08-18 04:21:46'),(34,1,1,4,NULL,NULL,100,'2017-08-18 04:21:47'),(35,1,1,4,NULL,NULL,100,'2017-08-18 04:21:57'),(36,1,1,4,NULL,NULL,2,'2017-08-18 04:22:00'),(37,1,1,4,NULL,NULL,2,'2017-08-18 04:22:08'),(38,1,1,4,NULL,NULL,2,'2017-08-18 04:22:17'),(39,1,1,4,NULL,NULL,2,'2017-08-18 04:23:13'),(40,1,1,4,NULL,NULL,2,'2017-08-18 04:27:05'),(41,1,1,4,NULL,NULL,2,'2017-08-18 04:27:20'),(42,1,1,4,NULL,NULL,2,'2017-08-18 04:27:37'),(43,1,1,4,NULL,NULL,2,'2017-08-18 04:27:37'),(44,1,1,4,NULL,NULL,2,'2017-08-18 04:27:38'),(45,1,1,4,NULL,NULL,2,'2017-08-18 04:27:38'),(46,1,1,4,NULL,NULL,2,'2017-08-18 04:27:52'),(47,1,1,4,NULL,NULL,2,'2017-08-18 04:27:53'),(48,1,1,4,NULL,NULL,2,'2017-08-18 04:27:58'),(49,1,1,4,NULL,NULL,2,'2017-08-18 04:28:02'),(50,1,1,4,NULL,NULL,2,'2017-08-18 04:28:06'),(51,1,1,4,NULL,NULL,2,'2017-08-18 04:53:02'),(52,1,1,4,NULL,NULL,2,'2017-08-18 04:53:09'),(53,1,1,4,NULL,NULL,2,'2017-08-18 04:53:57'),(54,1,1,4,NULL,NULL,2,'2017-08-18 04:54:03'),(55,1,1,4,NULL,NULL,2,'2017-08-18 04:54:04'),(56,1,1,4,NULL,NULL,2,'2017-08-18 04:54:04'),(57,2,1,4,NULL,NULL,2,'2017-08-18 05:02:32'),(58,2,1,4,NULL,NULL,2,'2017-08-18 05:14:59'),(59,2,1,4,NULL,NULL,2,'2017-08-18 05:15:08'),(60,2,1,4,NULL,NULL,2,'2017-08-18 05:15:50'),(61,2,1,4,NULL,NULL,2,'2017-08-18 05:16:04'),(62,2,1,4,NULL,NULL,2,'2017-08-18 05:16:16'),(63,2,1,4,NULL,NULL,2,'2017-08-18 05:16:22'),(64,2,1,4,NULL,NULL,2,'2017-08-18 05:16:30'),(65,2,1,5,NULL,NULL,2,'2017-08-18 05:16:59'),(66,2,1,3,NULL,NULL,3,'2017-08-18 05:19:34'),(67,2,1,3,NULL,NULL,3,'2017-08-18 05:19:39'),(68,2,1,4,NULL,NULL,3,'2017-08-18 05:20:11'),(69,2,1,4,NULL,'123',3,'2017-08-18 05:20:42'),(70,2,1,4,NULL,'123',3,'2017-08-18 05:20:47'),(71,2,1,4,NULL,'123',3,'2017-08-18 05:20:54'),(72,2,1,5,NULL,'eeeeeha!',3,'2017-08-18 05:21:32'),(73,2,1,5,NULL,'eeeeeha!',3,'2017-08-18 05:24:59'),(74,2,1,5,NULL,'eeeeeha!',300,'2017-08-18 05:25:15'),(75,2,1,5,NULL,'eeeeeha!',300,'2017-08-18 05:25:26'),(76,1,1,5,NULL,'eeeeeha!',300,'2017-08-18 05:25:34'),(77,1,1,5,NULL,'eeeeeha!',300,'2017-08-18 05:25:40'),(78,2,1,5,NULL,'eeeeeha!',300,'2017-08-18 05:27:41'),(79,2,1,5,NULL,'eeeeeha!',300,'2017-08-18 05:28:00'),(80,2,1,5,NULL,'eeeeeha!',300,'2017-08-18 05:28:32'),(81,1,1,5,NULL,'eeeeeha!',300,'2017-08-18 05:28:51'),(82,1,1,5,NULL,'eeeeeha!',300,'2017-08-18 05:29:14'),(83,1,1,5,NULL,'eeeeeha!',300,'2017-08-18 05:29:20'),(84,2,1,5,NULL,'eeeeeha!',300,'2017-08-18 05:30:03');
/*!40000 ALTER TABLE `messages` ENABLE KEYS */;
UNLOCK TABLES;

--
-- Table structure for table `transactions`
--

DROP TABLE IF EXISTS `transactions`;
/*!40101 SET @saved_cs_client     = @@character_set_client */;
/*!40101 SET character_set_client = utf8 */;
CREATE TABLE `transactions` (
  `id` int(11) NOT NULL AUTO_INCREMENT,
  `user_id` int(11) DEFAULT NULL,
  `girl_id` int(11) DEFAULT NULL,
  `value` bigint(20) NOT NULL,
  `created` datetime NOT NULL,
  PRIMARY KEY (`id`),
  KEY `user_id` (`user_id`),
  KEY `girl_id` (`girl_id`),
  CONSTRAINT `girls` FOREIGN KEY (`girl_id`) REFERENCES `girls` (`id`) ON DELETE SET NULL ON UPDATE SET NULL,
  CONSTRAINT `users` FOREIGN KEY (`user_id`) REFERENCES `users` (`id`) ON DELETE SET NULL ON UPDATE SET NULL
) ENGINE=InnoDB AUTO_INCREMENT=68 DEFAULT CHARSET=utf8mb4 COLLATE=utf8mb4_unicode_ci;
/*!40101 SET character_set_client = @saved_cs_client */;

--
-- Dumping data for table `transactions`
--

LOCK TABLES `transactions` WRITE;
/*!40000 ALTER TABLE `transactions` DISABLE KEYS */;
INSERT INTO `transactions` VALUES (1,1,1,3,'2017-08-18 03:59:23'),(2,1,1,3,'2017-08-18 03:59:53'),(3,1,1,3,'2017-08-18 04:08:17'),(4,1,1,3,'2017-08-18 04:08:19'),(5,1,1,3,'2017-08-18 04:08:19'),(6,1,1,3,'2017-08-18 04:08:27'),(7,1,1,3,'2017-08-18 04:08:38'),(8,1,1,3,'2017-08-18 04:08:43'),(9,1,1,3,'2017-08-18 04:08:59'),(10,1,1,3,'2017-08-18 04:08:59'),(11,1,1,3,'2017-08-18 04:09:00'),(12,1,1,3,'2017-08-18 04:17:48'),(13,1,1,3,'2017-08-18 04:18:20'),(14,1,1,3,'2017-08-18 04:19:04'),(15,1,1,3,'2017-08-18 04:19:13'),(16,1,1,3,'2017-08-18 04:19:39'),(17,1,1,3,'2017-08-18 04:19:41'),(18,2,1,100,'2017-08-18 04:20:39'),(19,2,1,100,'2017-08-18 04:21:24'),(20,2,1,100,'2017-08-18 04:21:32'),(21,2,1,100,'2017-08-18 04:21:33'),(22,1,1,100,'2017-08-18 04:21:43'),(23,1,1,100,'2017-08-18 04:21:45'),(24,1,1,100,'2017-08-18 04:21:46'),(25,1,1,100,'2017-08-18 04:21:47'),(26,1,1,100,'2017-08-18 04:21:57'),(27,1,1,2,'2017-08-18 04:22:00'),(28,1,1,2,'2017-08-18 04:22:08'),(29,1,1,2,'2017-08-18 04:22:17'),(30,1,1,2,'2017-08-18 04:23:13'),(31,1,1,2,'2017-08-18 04:27:58'),(32,1,1,2,'2017-08-18 04:28:02'),(33,1,1,2,'2017-08-18 04:28:06'),(34,1,1,2,'2017-08-18 04:53:02'),(35,1,1,2,'2017-08-18 04:53:09'),(36,1,1,2,'2017-08-18 04:53:57'),(37,1,1,2,'2017-08-18 04:54:03'),(38,1,1,2,'2017-08-18 04:54:04'),(39,1,1,2,'2017-08-18 04:54:04'),(40,2,1,2,'2017-08-18 05:02:32'),(41,2,1,2,'2017-08-18 05:14:59'),(42,2,1,2,'2017-08-18 05:15:08'),(43,2,1,2,'2017-08-18 05:15:50'),(44,2,1,2,'2017-08-18 05:16:04'),(45,2,1,2,'2017-08-18 05:16:16'),(46,2,1,2,'2017-08-18 05:16:22'),(47,2,1,2,'2017-08-18 05:16:30'),(48,2,1,2,'2017-08-18 05:16:59'),(49,2,1,3,'2017-08-18 05:19:34'),(50,2,1,3,'2017-08-18 05:19:39'),(51,2,1,3,'2017-08-18 05:20:11'),(52,2,1,3,'2017-08-18 05:20:42'),(53,2,1,3,'2017-08-18 05:20:47'),(54,2,1,3,'2017-08-18 05:20:54'),(55,2,1,3,'2017-08-18 05:21:32'),(56,2,1,3,'2017-08-18 05:24:59'),(57,2,1,300,'2017-08-18 05:25:15'),(58,2,1,300,'2017-08-18 05:25:26'),(59,1,1,300,'2017-08-18 05:25:34'),(60,1,1,300,'2017-08-18 05:25:40'),(61,2,1,300,'2017-08-18 05:27:41'),(62,2,1,300,'2017-08-18 05:28:00'),(63,2,1,300,'2017-08-18 05:28:32'),(64,1,1,300,'2017-08-18 05:28:51'),(65,1,1,300,'2017-08-18 05:29:14'),(66,1,1,300,'2017-08-18 05:29:20'),(67,2,1,300,'2017-08-18 05:30:03');
/*!40000 ALTER TABLE `transactions` ENABLE KEYS */;
UNLOCK TABLES;

--
-- Table structure for table `users`
--

DROP TABLE IF EXISTS `users`;
/*!40101 SET @saved_cs_client     = @@character_set_client */;
/*!40101 SET character_set_client = utf8 */;
CREATE TABLE `users` (
  `id` int(11) NOT NULL AUTO_INCREMENT,
  `name` varchar(255) COLLATE utf8mb4_unicode_ci NOT NULL,
  `balance` bigint(20) NOT NULL,
  `created` datetime DEFAULT NULL,
  PRIMARY KEY (`id`)
) ENGINE=InnoDB AUTO_INCREMENT=4 DEFAULT CHARSET=utf8mb4 COLLATE=utf8mb4_unicode_ci;
/*!40101 SET character_set_client = @saved_cs_client */;

--
-- Dumping data for table `users`
--

LOCK TABLES `users` WRITE;
/*!40000 ALTER TABLE `users` DISABLE KEYS */;
INSERT INTO `users` VALUES (-1,'System',0,'2017-07-11 11:00:00'),(1,'Tony',10000344,'2017-08-02 00:00:00'),(2,'Barnie',9994565,'2017-08-03 00:00:00'),(3,'John',7343267,'2017-08-05 00:00:00');
/*!40000 ALTER TABLE `users` ENABLE KEYS */;
UNLOCK TABLES;
/*!40103 SET TIME_ZONE=@OLD_TIME_ZONE */;

/*!40101 SET SQL_MODE=@OLD_SQL_MODE */;
/*!40014 SET FOREIGN_KEY_CHECKS=@OLD_FOREIGN_KEY_CHECKS */;
/*!40014 SET UNIQUE_CHECKS=@OLD_UNIQUE_CHECKS */;
/*!40101 SET CHARACTER_SET_CLIENT=@OLD_CHARACTER_SET_CLIENT */;
/*!40101 SET CHARACTER_SET_RESULTS=@OLD_CHARACTER_SET_RESULTS */;
/*!40101 SET COLLATION_CONNECTION=@OLD_COLLATION_CONNECTION */;
/*!40111 SET SQL_NOTES=@OLD_SQL_NOTES */;

-- Dump completed on 2017-08-18  5:46:18
